Teresa Stevens,tstevens0@bigcartel.com
Daniel Wallace,dwallace1@kickstarter.com
Samuel Young,syoung2@trellian.com
Rose Rogers,rrogers3@flickr.com
Douglas Bradley,dbradley4@nature.com
Carol Ray,cray5@skype.com
Lisa Fisher,lfisher6@house.gov
Alice Russell,arussell7@ocn.ne.jp
Chris Jackson,cjackson8@g.co
Juan Jacobs,jjacobs9@wix.com
Carol Knight,cknighta@nsw.gov.au
Susan Lopez,slopezb@kickstarter.com
Howard Hughes,hhughesc@amazonaws.com
Judy Riley,jrileyd@blog.com
Ann Bishop,abishope@senate.gov
Pamela Simmons,psimmonsf@1und1.de
Matthew Hughes,mhughesg@oakley.com
Catherine Chapman,cchapmanh@weibo.com
Kathy Jenkins,kjenkinsi@psu.edu
Debra Dean,ddeanj@issuu.com
Peter Dean,pdeank@wp.com
Dennis Perkins,dperkinsl@aboutads.info
Shirley Kennedy,skennedym@dot.gov
Martin Murray,mmurrayn@instagram.com
Maria Mason,mmasono@techcrunch.com
Karen Williamson,kwilliamsonp@vistaprint.com
Randy Ross,rrossq@japanpost.jp
Beverly Torres,btorresr@wikimedia.org
Anne Jenkins,ajenkinss@amazon.com
Anna Gilbert,agilbertt@loc.gov
Douglas Lynch,dlynchu@people.com.cn
Sandra Vasquez,svasquezv@cmu.edu
Paula Simpson,psimpsonw@storify.com
Christine Wagner,cwagnerx@blogspot.com
Gregory Tucker,gtuckery@deliciousdays.com
Janet Rogers,jrogersz@apache.org
Mildred Barnes,mbarnes10@rambler.ru
Bobby Montgomery,bmontgomery11@cpanel.net
Dorothy Henry,dhenry12@devhub.com
Carl Stewart,cstewart13@businesswire.com
Samuel Powell,spowell14@statcounter.com
Rachel Hunter,rhunter15@state.gov
Cheryl Knight,cknight16@umn.edu
Joseph Lawson,jlawson17@house.gov
Susan Gibson,sgibson18@skype.com
Eugene Johnston,ejohnston19@tumblr.com
Harry James,hjames1a@google.ca
Wayne Robertson,wrobertson1b@reuters.com
Judith Fields,jfields1c@skype.com
Lawrence Gardner,lgardner1d@usda.gov